Timestamp_ms,Sample_ID,Raw_Voltage,True_Anomalies,Filtered_Signal,Variance_Delta
1000,1,536.8357076505616,0,536.8357076505616,0.0
1100,2,505.0867849414408,0,520.9612462960013,-15.87446135456048
1200,3,544.3844269050346,0,528.7689731656791,15.61545373935553
1300,4,588.1514928204012,0,543.6146030793595,44.536889741041705
1400,5,500.2923312638332,0,534.9501487162543,-34.65781745242106
1500,6,500.293152152541,0,529.1739826223021,-28.880830469761122
1600,7,590.9606407753696,0,538.0006480727403,52.95999270262928
1700,8,550.3717364576454,0,539.5470341208535,10.824702336791916
1800,9,488.5262807032524,0,533.8780615188978,-45.351780815645384
1900,10,539.1280021792983,0,534.4030555849379,4.724946594360404
2000,11,488.8291153593769,0,529.6023963558193,-40.77328099644245
2100,12,488.71351232148714,0,527.965069093824,-39.25155677233687
2200,13,524.0981135783018,0,525.9364377611507,-1.8383241828489645
2300,14,416.3359877671101,0,508.75488725582164,-92.41889948871153
2400,15,425.75410837434833,0,501.3010649668731,-75.5469565925248
2500,16,483.88562353795135,0,499.66031210541405,-15.774688567462704
2600,17,461.3584439832788,0,486.70009242620506,-25.34164844292627
2700,18,527.7123666297637,0,484.4341554434168,43.27821118634688
2800,19,466.5987962239395,0,482.24140699548553,-15.64261077154606
2900,20,441.3848149332354,0,472.46708827087934,-31.082273337643926
3000,21,585.2824384460777,0,482.1124205795494,103.17001786652827
3100,22,500.71118497567323,0,483.312187844968,17.398997130705254
3200,23,515.3764102343962,0,482.4400175105774,32.93639272381881
3300,24,440.76259068932717,0,484.8826778027991,-44.120087113471925
3400,25,484.78086377374086,0,490.7853533427384,-6.004489568997542
3500,26,517.5461294854933,0,494.1514039374926,23.394725548000736
3600,27,454.45032112888487,0,493.46059165205315,-39.01027052316829
3700,28,530.7849009172836,0,493.7678450808053,37.017055836478335
3800,29,481.9680655040597,0,495.3047720088172,-13.336706504757501
3900,30,497.41531251033615,0,500.90782176652726,-3.492509256191113
4000,31,481.91466938853017,0,490.57104486077253,-8.65637547224236
4100,32,604.6139092254468,0,500.96131728574994,103.65259193969689
4200,33,511.3251387631033,0,500.5561901386206,10.768948624482732
4300,34,459.11445355220496,0,502.39137642490834,-43.27692287270338
4400,35,553.1272456051595,0,509.22601460805015,43.90123099710934
4500,36,450.95781750144886,0,502.5671834096458,-51.609365908196935
4600,37,522.4431797502377,0,509.36646927178106,13.076710478456675
4700,38,414.0164938060112,0,497.6896285606539,-83.67313475464266
4800,39,445.59069755507846,0,494.05189176575567,-48.461194210677206
4900,40,521.8430617934562,0,496.49466669406775,25.348395099388426
5000,41,548.9233289997705,0,503.1955326551918,45.727796344578735
5100,42,520.5684140594985,0,494.79098313859697,25.777430920901566
5200,43,506.217585880588,0,494.28022785034534,11.937358030242649
5300,44,496.9448152205356,0,498.06326401717854,-1.1184487966429515
5400,45,438.07390048162864,0,486.55792950482544,-48.4840290231968
5500,46,476.00778958026456,0,489.06292671270694,-13.055137132442383
5600,47,488.9680614520106,0,485.7154148828842,3.252646569126398
5700,48,564.8561113109458,0,500.7993766333777,64.05673467756816
5800,49,529.1809144784231,0,509.1583983257122,20.02251615271092
5900,50,423.8479922318633,0,499.35889136955285,-75.51089913768953
6000,51,528.2041984697397,0,497.2869783165497,30.917220153189987
6100,52,492.74588597918415,0,494.5047255085183,-1.758839529334125
6200,53,478.1538999847021,0,491.6983569189298,-13.544456934227696
6300,54,542.5838144420434,0,496.2622568410805,46.321557600962876
6400,55,563.5499761247976,0,508.8098644053974,54.740111719400204
6500,56,558.5640059558099,0,517.065486042952,41.49851991285789
6600,57,470.0391238388681,0,515.1725922816378,-45.1334684427697
6700,58,496.53938120743925,0,508.340919271287,-11.801538063847772
6800,59,528.5631715701782,0,508.27914498046255,20.28402658971561
6900,60,560.777256356118,0,521.972071392888,38.805184963229976
7000,61,488.0412881077355,0,517.9557803566876,-29.914492248952058
7100,62,502.71705116680914,0,518.95289687545,-16.23584570864091
7200,63,456.6832512996986,0,516.8058320069497,-60.122580707251075
7300,64,452.18966879596644,0,507.766417442342,-55.57674864637556
7400,65,552.6262911197099,0,506.6740489418333,45.9522421778766
7500,66,579.8120014285412,0,508.79884848910643,71.01315293943475
7600,67,508.39949392098333,0,512.6348854973179,-4.235391576334564
7700,68,562.1766448946012,0,519.1986118660341,42.9780330285671
7800,69,530.0818012523818,0,519.3504748342546,10.731326418127196
7900,70,479.7440122697438,0,511.2471504256171,-31.50313815587333
8000,71,530.0697802754207,0,515.4499996423856,14.619780633035134
8100,72,588.9018283232984,0,524.0684773580346,64.83335096526389
8200,73,510.2086980445024,0,529.4210220325149,-19.212323988012486
8300,74,590.2321827907003,0,543.2252734319884,47.00690935871194
8400,75,381.0127447955128,0,526.0639187995687,-145.0511740040559
8500,76,553.0951252187612,0,523.3922311785906,29.702894040170577
8600,77,516.3523534119086,0,524.1875171276831,-7.83516371577457
8700,78,497.0496324767066,0,517.6748158858937,-20.625183409187116
8800,79,516.5880388267751,0,516.325439643333,0.2625991834421484
8900,80,412.62155426995537,0,509.6131938433542,-96.99163957339886
9000,81,501.0164056081244,0,506.7078563766246,-5.691450768500204
9100,82,529.8556285755873,0,500.80323640185344,29.052392173733836
9200,83,585.8947022370758,0,508.37183682111083,77.52286541596493
9300,84,486.0864890863176,0,497.9572674506725,-11.870778364354862
9400,85,471.57531985534064,0,507.01352495665526,-35.43820510131462
9500,86,486.91214782077316,0,500.39522721685654,-13.483079396083383
9600,87,557.7701058851037,0,504.53700246417594,53.23310342092776
9700,88,528.4375554829842,0,507.6757947648037,20.761760718180483
9800,89,485.51198981164805,0,504.56818986329097,-19.056200051642918
9900,90,537.6633716556678,0,517.0723716018623,20.591000053805487
10000,91,516.8538774674021,0,518.65611878779,-1.8022413203879069
10100,92,560.4322495266445,0,521.7137808828957,38.71846864374879
10200,93,476.89734530613237,0,510.81404518980133,-33.91669988366897
10300,94,495.6168926701116,0,511.7670855481808,-16.150192878069163
10400,95,492.3945923433921,0,513.849012796986,-21.45442045359391
10500,96,438.8242525933941,0,509.040223274248,-70.2159706808539
10600,97,526.8060138532288,0,505.94381407106056,20.86219978216826
10700,98,525.0527636089945,0,505.6053348836616,19.447428725332884
10800,99,512.2556728321231,0,508.2797031857091,3.9759696464140006
10900,100,500.27064333124264,0,504.5404303532666,-4.269787022023934
11000,101,441.2314628974793,0,496.97818889627433,-55.74672599879506
11100,102,490.96773386173203,0,490.03173732978314,0.9359965319488879
11200,103,494.8642741736615,0,491.828430216536,3.0358439571255076
11300,104,471.88613653891906,0,489.4553546034167,-17.569218064497647
11400,105,503.93571441669957,0,490.60946681074745,13.326247605952119
11500,106,532.2025428407269,0,499.94729583548076,32.25524700524613
11600,107,606.3092950605266,0,507.89762395621045,98.4116711043161
11700,108,520.728890641592,0,507.46523665947024,13.263653982121753
11800,109,524.8775195361383,0,508.7274213298718,16.150098206266478
11900,110,508.2777042116916,0,509.52812741791666,-1.2504232062250367
12000,111,416.06143923504794,0,507.01112505167356,-90.94968581662562
12100,112,510.67430622753915,0,508.9817822882543,1.692523939284854
12200,113,515.0115104970513,0,510.9965059205932,4.015004576458068
12300,114,635.1621056242643,0,527.3241028291277,107.83800279513662
12400,115,502.3819517609439,0,527.1687265635521,-24.78677480260825
12500,116,527.0773671166806,0,526.6562089911475,0.42115812553311116
12600,117,510.26441151473784,0,517.0517206365687,-6.787309121830845
12700,118,453.5660981190234,0,510.3354413843118,-56.7693432652884
12800,119,569.141140725751,0,514.7618035032731,54.37933722247794
12900,120,549.5966516343387,0,518.8936982455377,30.702953388801006
13000,121,551.5515973521524,0,532.4427140572482,19.108883294904217
13100,122,466.53062726026303,0,528.0283461605206,-61.49771890025761
13200,123,582.139715546805,0,534.7411666654959,47.39854888130901
13300,124,441.90744686038596,0,515.4157007891083,-73.50825392872235
13400,125,541.3428546900135,0,519.3117910820151,22.031063607998362
13500,126,621.5227812904989,0,528.7563324993969,92.766448791102
13600,127,462.4731837434656,0,523.9772097222697,-61.504025978804066
13700,128,483.6851135198614,0,526.9891112623535,-43.30399774249213
13800,129,516.982568254382,0,521.7732540152167,-4.790685760834663
13900,130,486.82621729419003,0,515.4962105812018,-28.669993287011778
14000,131,434.4668284466934,0,503.78773369065595,-69.32090524396256
14100,132,515.4281487403014,0,508.6774858386598,6.75066290164159
14200,133,458.88481431369473,0,496.35199571534866,-37.46718140165393
14300,134,535.679621531759,0,505.7292131824859,29.95040834927312
14400,135,466.02878828830984,0,498.1978065423156,-32.16901825400578
14500,136,589.4967202508769,0,494.99520043835344,94.5015198125235
14600,137,472.83733538318813,0,496.03161560232576,-23.194280219137624
14700,138,495.89692418971623,0,497.2527966693112,-1.3558724795949502
14800,139,552.6758608684835,0,500.82212593072126,51.853734937762226
14900,140,450.45678417830226,0,497.1851826191325,-46.72839844083023
15000,141,523.3729967302065,0,506.07579944748375,17.297197282722777
15100,142,577.3571377141214,0,512.2686983448659,65.08843936925552
15200,143,431.6258382719386,0,509.54280074069027,-77.91696246875165
15300,144,521.2316929266152,0,508.09800788017594,13.133685046439268
15400,145,524.9941397124212,0,513.994543022587,10.99959668983422
15500,146,551.0911435888655,0,510.1539853563859,40.937158232479646
15600,147,450.1524644560959,0,507.8854982636766,-57.73303380758068
15700,148,445.9771693457862,0,502.89352277928367,-56.91635343349748
15800,149,538.0970782808449,0,501.43564452051976,36.66143376032517
15900,150,526.8492336616594,0,509.07488946885553,17.774344192803824
16000,151,989.9355436586002,1,555.7311441616949,434.20439949690524
16100,152,942.4633682912769,1,592.2417672194103,350.22160107186653
16200,153,855.9630369920175,1,634.6754870914183,221.28754990059917
16300,154,523.6126848580502,0,634.9135862845618,-111.30090142651159
16400,155,526.6536236649341,0,635.079534679813,-108.42591101487892
16500,156,476.28242909868163,0,627.5986632307947,-151.3162341321131
16600,157,605.2887255572379,0,643.1122893409089,-37.823563783671034
16700,158,535.6916460455893,0,652.0837370108892,-116.39209096529987
16800,159,452.4348251398676,0,643.5175116967915,-191.08268655692393
16900,160,544.8276804316915,0,645.3153563737947,-100.48767594210312
17000,161,463.26591648863393,0,592.648393656798,-129.3824771681641
17100,162,551.3542301871227,0,553.5374798463827,-2.1832496592600137
17200,163,569.9297789503702,0,524.9341540422179,44.99562490815231
17300,164,470.9658840824145,0,519.6694739646543,-48.70358988223984
17400,165,560.1688064622161,0,523.0209922443826,37.14781421783357
17500,166,532.6390463468249,0,528.6566539691969,3.9823923776280026
17600,167,553.1030079997245,0,523.4380822134456,29.6649257862789
17700,168,606.8396491326973,0,530.5528825221563,76.28676661054101
17800,169,499.73059419985645,0,535.2824594281552,-35.551865228298766
17900,170,474.3131917821255,0,528.2310105631987,-53.91781878107315
18000,171,467.5242785187238,0,528.6568467662077,-61.132568247483846
18100,172,471.2094857517281,0,520.6423723226682,-49.43288657094007
18200,173,508.1449145292948,0,514.4638858805606,-6.318971351265816
18300,174,529.0575987408322,0,520.2730573464023,8.78454139442988
18400,175,525.834539966501,0,516.8396306968309,8.994909269670075
18500,176,553.3591624518012,0,518.9116423073285,34.44752014447272
18600,177,512.6500945938953,0,514.8663509667456,-2.216256372850239
18700,178,584.6767038578658,0,512.6500564392625,72.02664741860337
18800,179,498.7671583381022,0,512.553712853087,-13.786554514984743
18900,180,648.008458329481,0,529.9232395078225,118.08521882165849
19000,181,543.2833673882503,0,537.4991483947751,5.784218993475179
19100,182,469.1421221791859,0,537.292412037521,-68.1502898583351
19200,183,458.4553750969444,0,532.323458094286,-73.86808299734162
19300,184,536.1236207621592,0,533.0300602964186,3.0935604657406657
19400,185,500.82686073370746,0,530.5292923731392,-29.70243163943178
19500,186,547.7000247046046,0,529.9633785984196,17.73664610618505
19600,187,535.6618812286772,0,532.2645572618978,3.3973239667793678
19700,188,508.3585543671564,0,524.6327423128268,-16.274187945670462
19800,189,469.6603140965798,0,521.7220578886747,-52.061743792094944
19900,190,436.25763876570676,0,500.5469759322972,-64.28933716659043
20000,191,489.67425239664897,0,495.1860644331371,-5.511812036488152
20100,192,554.8199397161736,0,503.75384618683586,51.06609352933776
20200,193,522.7046872065102,0,510.17877739779243,12.525909808717813
20300,194,449.7130610644006,0,501.53772142801665,-51.82466036361603
20400,195,520.6590462925591,0,503.5209399839017,17.13810630865737
20500,196,531.2658689864419,0,501.8775244120855,29.38834457435638
20600,197,467.80712818994334,0,495.092049108212,-27.284920918268654
20700,198,519.6862552972764,0,496.2248192012241,23.461436096052296
20800,199,514.9104359222999,0,500.74983138379605,14.16060453850389
20900,200,454.85148510846886,0,502.6092160180723,-47.757730909603424
21000,201,529.8893680174142,0,506.6307275801488,23.2586404372654
21100,202,540.0392263184117,0,505.15265624037255,34.88657007803914
21200,203,566.1525621587639,0,509.497443735598,56.6551184231659
21300,204,564.6901026017451,0,520.9951478893324,43.69495471241271
21400,205,443.1165316021454,0,513.240896420291,-70.12436481814564
21500,206,465.10874800424386,0,506.6251843220713,-41.51643631782741
21600,207,537.751763360433,0,513.6196478391203,24.1321155213127
21700,208,537.6892975456104,0,515.4199520639536,22.269345481656842
21800,209,537.7523843153024,0,517.7041469032539,20.04823741204848
21900,210,704.6365745327361,0,542.6826558456806,161.95391868705542
22000,211,540.5445255346583,0,543.7481715974051,-3.2036460627467704
22100,212,568.7782820090299,0,546.6220771664669,22.156204842563056
22200,213,559.7000881746601,0,545.9768297680564,13.72325840660369
22300,214,544.5695625652899,0,543.9647757644109,0.6047868008789692
22400,215,496.2365377679827,0,549.2767763809945,-53.04023861301181
22500,216,549.9484610246634,0,557.7607476830366,-7.812286658373182
22600,217,473.3587392731214,0,551.3214452743055,-77.96270600118407
22700,218,500.15906966299957,0,547.5684224860444,-47.4093528230448
22800,219,487.7318226085448,0,542.5663663153687,-54.834543706823865
22900,220,516.0937069693161,0,523.7120795590266,-7.618372589710475
23000,221,627.7329283336754,0,532.4309198389283,95.30200849474716
23100,222,418.6367403704126,0,517.4167656750666,-98.78002530465398
23200,223,546.3130095187257,0,516.0780578094732,30.234951709252528
23300,224,431.3642064405174,0,504.757522196996,-73.39331575647856
23400,225,488.4034067105283,0,503.9742090912505,-15.57080238072217
23500,226,566.4475298483683,0,505.624115973621,60.8234138747473
23600,227,515.2140009547732,0,509.8096421417861,5.404358812987027
23700,228,458.1127611035347,0,505.6050112858396,-47.49225018230493
23800,229,476.23481453700157,0,504.45531047868536,-28.220495941683794
23900,230,545.9798874467338,0,507.44392852642716,38.5359589203066
24000,231,475.48166841414314,0,492.21880253447387,-16.737134120330722
24100,232,522.8229294790988,0,502.63742144534245,20.18550803375632
24200,233,514.2785919951907,0,499.43397969298894,14.844612302201767
24300,234,479.4199826197091,0,504.2395573109081,-24.819574691198966
24400,235,619.1972044662663,0,517.3189370864819,101.87826737978435
24500,236,543.6959511159006,0,515.0437792132352,28.652171902665373
24600,237,410.74287066711963,0,504.5966661844698,-93.85379551735019
24700,238,521.3227157384714,0,510.91766164796354,10.40505409050786
24800,239,478.9106767615806,0,511.18524787042134,-32.274571108840746
24900,240,554.6216667398112,0,512.0494257997291,42.57224094008211
25000,241,472.37396307836497,0,511.7386552661513,-39.36469218778632
25100,242,506.26317792665503,0,510.08268011090695,-3.819502184251917
25200,243,537.2493639490228,0,512.3797573062901,24.86960664273272
25300,244,555.2877597085061,0,519.9665350151698,35.32122469333626
25400,245,451.98517964721117,0,503.24533253326433,-51.26015288605316
25500,246,495.2749382079526,0,498.40323124246953,-3.1282930345169575
25600,247,488.2527344419522,0,506.1542176199529,-17.90148317800066
25700,248,479.3335383713144,0,501.95529988323705,-22.62176151192267
25800,249,600.2727120140548,0,514.0915034084845,86.1812086055703
25900,250,532.2490855480478,0,511.85424528930815,20.394840258739634
26000,251,448.95580228324775,0,509.5124292097965,-60.556626926548745
26100,252,557.8930973527388,0,514.6754211524049,43.217676200333926
26200,253,618.1078098506316,0,522.7612657425658,95.34654410806581
26300,254,563.6232630275573,0,523.5948160744708,40.02844695308647
26400,255,436.03150170229935,0,521.9994482799797,-85.96794657768032
26500,256,487.78829635668745,0,521.2507840948531,-33.462487738165635
26600,257,575.3455574593312,0,529.960066396591,45.38549106274024
26700,258,476.61652671906097,0,529.6883652313657,-53.07183851230468
26800,259,534.1909714073114,0,523.0801911706914,11.11078023662003
26900,260,550.7317026714668,0,524.9284528830333,25.803249788433504
27000,261,465.65347642109583,0,526.5982202968181,-60.94474387572228
27100,262,509.02373219691,0,521.7112837812352,-12.687551584325263
27200,263,349.93663299654634,0,494.89416609582656,-144.95753309928023
27300,264,460.7806179332855,0,484.6099015863994,-23.82928365311392
27400,265,499.371592430342,0,490.9439106592037,8.427681771138282
27500,266,449.6108409017575,0,487.1261651137107,-37.515324211953214
27600,267,593.6205651965818,0,488.9536658874358,104.66689930914595
27700,268,440.49293110196834,0,485.3413063257266,-44.84837522375824
27800,269,489.9977756651508,0,480.9219867515105,9.075788913640338
27900,270,518.5370288643046,0,477.7025193707943,40.834509493510325
28000,271,584.0636644533058,0,489.5435381740152,94.5201262792906
28100,272,440.206892441028,0,482.661854198427,-42.45496175739902
28200,273,570.158187607748,0,504.68400965954726,65.47417794820075
28300,274,512.5116530509794,0,509.85711317131666,2.654539879662707
28400,275,462.92456744760244,0,506.21241067304265,-43.28784322544021
28500,276,535.1051737131636,0,514.7618439541833,20.343329758980303
28600,277,521.9529847786735,0,507.59508591239245,14.357898866281005
28700,278,481.98915614206027,0,511.7447084164016,-29.755552274341312
28800,279,515.490104249501,0,514.2939412748367,1.1961629746642757
28900,280,492.73432015691196,0,511.7136704040974,-18.979350247185437
29000,281,517.6758672625624,0,505.0748906850231,12.600976577539313
29100,282,545.1065337260524,0,515.5648548135255,29.54167891252689
29200,283,591.3008408072676,0,517.6791201334775,73.62172067379015
29300,284,450.10922505865756,0,511.43887733424526,-61.329652275587705
29400,285,618.6516687328133,0,527.0115874627663,91.64008127004695
29500,286,414.3956100238749,0,514.9406310938375,-100.54502106996262
29600,287,504.41074524822085,0,513.1864071407922,-8.77566189257135
29700,288,541.4158603242288,0,519.129077559009,22.286782765219755
29800,289,526.0495933867517,0,520.1850264727342,5.864566914017473
29900,290,480.8650240089703,0,518.99809685794,-38.13307284896973
30000,291,501.5938874821362,0,517.3898988798973,-15.796011397761049
30100,292,487.34995326705837,0,511.614240833998,-24.26428756693963
30200,293,482.53176215278944,0,500.73733296855005,-18.20557081576061
30300,294,554.4801048510512,0,511.17442094778954,43.305683903261695
30400,295,529.8507742982524,0,502.2943315043334,27.556442793919018
30500,296,477.3545202369673,0,508.5902225256426,-31.235702288675327
30600,297,556.9799937716625,0,513.8471473779869,43.13284639367566
30700,298,527.3649760438304,0,512.4420589499471,14.92291709388337
30800,299,552.643105941948,0,515.1014102054667,37.5416957364813
30900,300,543.4814420961806,0,521.3630520141876,22.11839008199297
31000,301,470.5502494538964,0,518.2586882113637,-47.70843875746732
31100,302,483.99094799015154,0,517.9227876836729,-33.9318396935214
31200,303,549.3646802561631,0,524.6060794940104,24.758600762152696
31300,304,542.5185132716732,0,523.4099203360726,19.108592935600655
31400,305,510.9549203017926,0,521.5203349364266,-10.56541463463401
31500,306,517.8663691654391,0,525.5715198292737,-7.705150663834615
31600,307,575.8832447894213,0,527.4618449310495,48.42139985837173
31700,308,482.4214305582085,0,522.9674903824874,-40.54605982427893
31800,309,539.3548690585019,0,521.6386666941428,17.716202364359106
31900,310,501.8903673783053,0,517.4795592223552,-15.589191844049878
32000,311,501.115939838639,0,520.5361282608296,-19.42018842219062
32100,312,566.9388425993595,0,528.8309177217504,38.10792487760909
32200,313,553.2708174494015,0,529.2215314410741,24.049286008327385
32300,314,552.6754818000319,0,530.2372282939101,22.438253506121782
32400,315,577.2739403577165,0,536.8691302995024,40.404810058214025
32500,316,513.050192081638,0,536.3875125911223,-23.337320509484357
32600,317,546.0976485647482,0,533.4089529686551,12.688695596093112
32700,318,496.4866621703272,0,534.8154761298669,-38.32881395953967
32800,319,528.2083176244221,0,533.7008209864589,-5.492503362036814
32900,320,505.49284728161575,0,534.0610689767899,-28.568221695174145
33000,321,516.8497982496359,0,535.6344548178896,-18.784656568253695
33100,322,541.7578512718457,0,533.1163556851382,8.641495586707492
33200,323,471.0889658383264,0,524.8981705240308,-53.8092046857044
33300,324,616.619363784273,0,531.2925587224548,85.32680506181816
33400,325,461.6991309250149,0,519.7350777791846,-58.03594685416971
33500,326,451.2905693606134,0,513.5591155070822,-62.26854614646879
33600,327,569.9055436750034,0,515.9399050181078,53.965638656895635
33700,328,551.5831346981468,0,521.4495522708896,30.133582427257124
33800,329,543.2059908526078,0,522.9493195937082,20.256671258899587
33900,330,543.417275463214,0,526.7417624118681,16.675513051345888
34000,331,511.3876613576543,0,526.19554872267,-14.807887365015688
34100,332,467.1372814257084,0,518.7334917380563,-51.596210312347864
34200,333,515.7902279096863,0,523.2036179451923,-7.413390035505927
34300,334,478.14191442439443,0,509.3558730092044,-31.213958584809973
34400,335,560.7559866708875,0,519.2615585837916,41.49442808709591
34500,336,504.6471309248931,0,524.5972147402197,-19.950083815326593
34600,337,470.7251401603744,0,514.6791743887568,-43.9540342283824
34700,338,495.93070791735033,0,509.11393171067704,-13.183223793326704
34800,339,532.6465727137812,0,508.0579898967944,24.588582816986786
34900,340,483.81377235980125,0,502.09763958645317,-18.28386722665192
35000,341,470.8889802216784,0,498.0477714728555,-27.158791251177092
35100,342,524.1843605745956,0,503.7524793877443,20.431881186851342
35200,343,524.2483285554362,0,504.5982894523192,19.650039103116967
35300,344,486.6528412314435,0,505.44938213302413,-18.796540901580613
35400,345,488.44808471908385,0,498.2185919378438,-9.770507218759974
35500,346,523.6024968678818,0,500.1141285321426,23.488368335739153
35600,347,439.5957829251338,0,497.00119280861855,-57.405409883484765
35700,348,441.62681128117225,0,491.5708031450007,-49.943991863828444
35800,349,476.0777889373782,0,485.91392476736047,-9.836135829982254
35900,350,501.32764241440765,0,487.66531177282116,13.662330641586493
36000,351,527.5453782799002,0,493.33095157864335,34.214426701256855
36100,352,585.7678108474776,0,499.4892966059315,86.27851424154608
36200,353,554.8829811601009,0,502.55276186639804,52.330219293702896
36300,354,504.0030735018286,0,504.28778509343647,-0.2847115916078451
36400,355,511.04918960486555,0,506.54789558201463,4.501294022850914
36500,356,461.87353176810956,0,500.37499907203744,-38.50146730392788
36600,357,511.0743432003805,0,507.5228550995621,3.5514881008184034
36700,358,497.56706805399307,0,513.1168807768443,-15.549812722851186
36800,359,528.1359280169045,0,518.3226946847968,9.813233332107643
36900,360,470.63845282238384,0,515.2537757255943,-44.61532290321048
37000,361,537.9673257120586,0,516.2959704688103,21.671355243248286
37100,362,588.6369456501288,0,516.5828839490754,72.05406170105346
37200,363,506.5619925771571,0,511.75078509078105,-5.188792513623923
37300,364,532.0855861049471,0,514.5590363510929,17.52654975385417
37400,365,546.5071995855557,0,518.1048373491619,28.402362236393742
37500,366,491.93897640570816,0,521.1113818129218,-29.172405407213603
37600,367,523.2046240905208,0,522.3244099019358,0.8802141885850006
37700,368,512.6296200390898,0,523.8306651004455,-11.201045061355671
37800,369,516.8838049274416,0,522.7054527914992,-5.8216478640575815
37900,370,473.3495108072267,0,522.9765585899835,-49.62704778275679
38000,371,513.2255087129471,0,520.5023768900722,-7.276868177125152
38100,372,536.8999145622724,0,515.3286737812866,21.571240780985818
38200,373,584.5571803897521,0,523.128192562546,61.42898782720613
38300,374,559.9635413042604,0,525.9159880824775,34.04755322178289
38400,375,619.6591228755779,0,533.2311804114796,86.42794246409824
38500,376,473.6326218555975,0,531.4005449564686,-57.76792310087109
38600,377,555.6160318360339,0,534.64168573102,20.97434610501398
38700,378,521.1671002869176,0,535.4954337558027,-14.328333468885035
38800,379,621.4901466608836,0,545.9560679291469,75.53407873173671
38900,380,471.5850857322424,0,545.7796254216485,-74.19453968940604
39000,381,470.0139078909612,0,541.4584653394498,-71.44455744848864
39100,382,482.0303677277989,0,535.9715106560026,-53.9411429282037
39200,383,405.80521378450965,0,518.0963139954783,-112.2911002109687
39300,384,485.71224891596194,0,510.6711847566485,-24.958935840686536
39400,385,474.0433669223151,0,496.1096091613223,-22.06624223900718
39500,386,519.5196893238103,0,500.69831590814346,18.82137341566687
39600,387,529.087798788858,0,498.04549260342594,31.04230618543204
39700,388,605.8085419607943,0,506.50963677081353,99.29890518998076
39800,389,559.5211919093025,0,500.3127412956554,59.208450613647074
39900,390,483.15481721687985,0,501.4697144441191,-18.31489722723927
40000,391,467.07926643258213,0,501.17625029828133,-34.0969838656992
40100,392,536.5959585753253,0,506.632809383034,29.963149192291326
40200,393,445.9883396489679,0,510.65112196947973,-64.66278232051184
40300,394,603.5729382927177,0,522.4371909071554,81.13574738556235
40400,395,570.9720060360644,0,532.1300548185303,38.841951217534074
40500,396,488.5412173947648,0,529.0322076256257,-40.490990230860916
40600,397,426.3432735454561,0,518.7577551012855,-92.41448155582941
40700,398,579.6936187082706,0,516.1462627760332,63.54735593223745
40800,399,506.2730077373691,0,510.8214443588398,-4.548436621470728
40900,400,573.890815598673,0,519.8950441970192,53.99577140165388
41000,401,785.3063222294426,1,551.7177497767051,233.58857245273748
41100,402,919.822331361359,1,590.0403870553084,329.7819443060506
41200,403,512.2621849859091,0,596.6677715890027,-84.40558660309352
41300,404,514.3490296882371,0,587.7453807285546,-73.39635104031743
41400,405,489.4967264260378,0,579.597852767552,-90.1011263415142
41500,406,543.142496617375,0,585.0579806898129,-41.91548407243795
41600,407,458.61897853087027,0,588.2855511883544,-129.6665726574841
41700,408,504.8810257489353,0,580.8042918924209,-75.92326614348559
41800,409,518.014781585595,0,581.9784692772434,-63.96368769164849
41900,410,537.7219417029374,0,578.3615818876699,-40.63964018473246
42000,411,547.5807439044445,0,554.5890240551701,-7.008280150725568
42100,412,455.76789540810654,0,508.1835804598448,-52.41568505173825
42200,413,435.2942914632189,0,500.48679110757575,-65.19249964435687
42300,414,575.8838410949254,0,506.64027224824457,69.24356884668083
42400,415,528.6157005989796,0,510.5521696655387,18.063530933440916
42500,416,474.5756731721723,0,503.6954873210185,-29.119814148846217
42600,417,589.5575987761262,0,516.7893493455441,72.76824943058205
42700,418,517.783731714643,0,518.079619942115,-0.2958882274720054
42800,419,570.9648592031913,0,523.3746277038745,47.590231499316815
42900,420,515.3759240705054,0,521.1400259406313,-5.764101870125842
43000,421,615.0373962440993,0,527.8856911745968,87.15170506950255
43100,422,599.7670421221602,0,542.2856058460022,57.48143627615798
43200,423,499.5517925760463,0,548.7113559572848,-49.15956338123851
43300,424,560.5785475477178,0,547.1808266025643,13.397720945153537
43400,425,544.2687974792574,0,548.746136290592,-4.477338811334562
43500,426,580.4315778766174,0,559.3317267610365,21.09985111558092
43600,427,463.7538269709948,0,546.7513495805233,-82.99752260952852
43700,428,546.302572999922,0,549.6032337090512,-3.300660709129261
43800,429,564.9212243424794,0,548.99887022298,15.922354119499346
43900,430,424.06302567884427,0,539.8675803838139,-115.80455470496963
44000,431,452.83707436671125,0,523.647548196075,-70.81047382936379
44100,432,410.038391111995,0,504.6746830950586,-94.63629198306359
44200,433,498.5296582777721,0,504.5724696652311,-6.042811387458983
44300,434,547.8771127897982,0,503.3023261894392,44.57478660035895
44400,435,587.1178526048014,0,507.5872317019936,79.53062090280787
44500,436,515.7047390209888,0,501.1145478164307,14.590191204558096
44600,437,593.4307772785646,0,514.0822428471877,79.34853443137695
44700,438,442.99492708925544,0,503.751478256121,-60.75655116686556
44800,439,426.83087803224225,0,489.9424436250973,-63.11156559285507
44900,440,509.22261505516906,0,498.45840256272976,10.764212492439299
45000,441,531.2032724469653,0,506.2950223707552,24.90825007621015
45100,442,510.36526259529535,0,516.3277095190853,-5.962446923789912
45200,443,408.6278949980062,0,507.33753319110866,-98.70963819310248
45300,444,507.5439980243606,0,503.30422171456496,4.239776309795616
45400,445,446.7765249747573,0,489.2700889515605,-42.493563976803216
45500,446,545.4836274415019,0,492.24797779361177,53.235649647890114
45600,447,530.3299123048424,0,485.9378912962396,44.392021008602796
45700,448,465.0060106836322,0,488.13899965567725,-23.13298897204504
45800,449,486.30665413316535,0,494.08657726576956,-7.77992313260421
45900,450,459.0393239055524,0,489.0682481508079,-30.028924245255496
46000,451,508.8660451363414,0,486.83452541974555,22.03151971659588
46100,452,559.7571160250619,0,491.7737107627222,67.98340526233972
46200,453,462.7136976832228,0,497.18229103124384,-34.468593348021045
46300,454,537.2023257758922,0,500.14812380639694,37.05420196949524
46400,455,485.48711908137795,0,504.0191832170591,-18.53206413568114
46500,456,472.3563583868828,0,496.70645631159715,-24.350097924714362
46600,457,506.6484820022721,0,494.3383132813401,12.310168720931983
46700,458,460.2378838790313,0,493.86150060088005,-33.62361672184875
46800,459,484.3175347326409,0,493.6625886608275,-9.345053928186587
46900,460,452.1061053705576,0,492.96926680732815,-40.863161436770554
47000,461,610.2362566458195,0,503.10628795827586,107.12996868754362
47100,462,513.7631775985865,0,498.50689411562837,15.25628348295811
47200,463,477.0137246003707,0,499.93689680734315,-22.923172206972424
47300,464,522.6989955367111,0,498.48656378342514,24.212431753285955
47400,465,506.3835975154585,0,500.57621162683307,5.807385888625447
47500,466,500.95152002333884,0,503.4357277904787,-2.4842077671398783
47600,467,542.7083350021712,0,507.0417130904686,35.666621911702634
47700,468,549.8753855023652,0,516.005463252802,33.869922249563274
47800,469,485.4749426194736,0,516.1212040414854,-30.646261422011776
47900,470,483.209087967766,0,519.2315023012061,-36.02241433344011
48000,471,498.2474151424178,0,508.03261815086597,-9.78520300844815
48100,472,396.90394176322076,0,496.34669456732934,-99.44275280410858
48200,473,436.2404468900724,0,492.26936679629955,-56.028919906227145
48300,474,580.3437133722263,0,498.0338385798511,82.30987479237518
48400,475,594.2483856750641,0,506.8203173958116,87.4280682792525
48500,476,499.5481980221811,0,506.67998519569585,-7.131787173514738
48600,477,540.8278481527883,0,506.49193651075757,34.33591164203074
48700,478,527.5625077271768,0,504.26064873323867,23.30185899393814
48800,479,665.9440404227619,0,522.3075585135675,143.63648190919434
48900,480,567.9787455717288,0,530.7845242739638,37.19422129776501
49000,481,505.6041204259617,0,531.5201948023182,-25.916074376356505
49100,482,464.22297796997873,0,538.252098422994,-74.02912045301525
49200,483,431.6776839871214,0,537.795822132699,-106.11813814557757
49300,484,522.1731817933612,0,531.9787689748124,-9.805587181451187
49400,485,474.18246273578484,0,519.9721766808846,-45.78971394509972
49500,486,440.8873145201163,0,514.106088330678,-73.21877381056163
49600,487,479.67135578787367,0,507.9904390941865,-28.319083306312848
49700,488,457.92259981928026,0,501.02644830339693,-43.10384848411667
49800,489,596.3570817536282,0,494.06775243648354,102.28932931714468
49900,490,556.0819878474725,0,492.87807666405786,63.203911183414675
50000,491,511.6013679341691,0,493.47780141487857,18.123566519290534
50100,492,585.9972069445013,0,505.6552243123309,80.34198263217036
50200,493,515.8684153823809,0,514.0742974518569,1.7941179305240667
50300,494,468.9357899335868,0,508.7505582658794,-39.8147683322926
50400,495,588.1562038634829,0,520.1479323786491,68.00827148483381
50500,496,538.945502184233,0,529.9537511450609,8.991751039172073
50600,497,460.1376922836772,0,528.0003847946411,-67.86269251096394
50700,498,502.4830660958196,0,532.456431422295,-29.97336532647546
50800,499,468.21908733076214,0,519.6426319800087,-51.42354464924654
50900,500,442.8600134517832,0,508.3204345404396,-65.4604210886564
51000,501,558.308877376582,0,512.991185484681,45.31769189190106
51100,502,607.4708320235065,0,515.1385479925814,92.33228403092517
51200,503,442.07162130904294,0,507.7588685852476,-65.68724727620469
51300,504,540.1484618345286,0,514.8801357753418,25.268326059186734
51400,505,479.46787154390864,0,504.01130254338443,-24.543430999475788
51500,506,487.6437308117652,0,498.8811254061376,-11.237394594372404
51600,507,482.38030378805655,0,501.1053865565756,-18.72508276851903
51700,508,468.8004615160092,0,497.7371260985945,-28.93666458258531
51800,509,514.4260813972413,0,502.3578255052424,12.068255891998945
51900,510,470.4524941794481,0,505.1170735780089,-34.66457939856082
52000,511,525.5228412889919,0,501.83846996924984,23.68437131974207
52100,512,509.4880945275431,0,492.04019621965364,17.44789830788949
52200,513,500.0525976566795,0,497.83829385441715,2.21430380226235
52300,514,466.6218168979201,0,490.4856293607563,-23.863812462836222
52400,515,483.16143347158334,0,490.85498555352376,-7.693552081940425
52500,516,549.7695612912878,0,497.0675686014762,52.70199268981162
52600,517,537.0458593812191,0,502.5341241607924,34.511735220426715
52700,518,463.12223776007244,0,501.9663017851987,-38.84406402512627
52800,519,516.9666152714613,0,502.22035517262066,14.746260098840594
52900,520,549.5693561685895,0,510.1320413715348,39.43731479705468
53000,521,428.5297359439314,0,500.43273083702877,-71.90299489309734
53100,522,539.1680096189967,0,503.4007223461741,35.767287272822614
53200,523,478.86881205270765,0,501.2823437857769,-22.41353173306925
53300,524,540.529933429658,0,508.67315543895074,31.8567779907072
53400,525,473.83704217287413,0,507.74071630907986,-33.90367413620572
53500,526,421.75589496677406,0,494.93934967662835,-73.18345470985429
53600,527,430.6228781058419,0,484.2970515490907,-53.67417344324883
53700,528,514.4042473330691,0,489.4252525063903,24.978994826678786
53800,529,524.9861250860741,0,490.2272034878517,34.75892159822246
53900,530,466.78416874477955,0,481.94868474547064,-15.164516000691094
54000,531,543.9296229388686,0,493.4886734449644,50.44094949390427
54100,532,428.923996886552,0,482.46427217171987,-53.540275285167866
54200,533,508.6960100676342,0,485.4469919732125,23.24901809442167
54300,534,451.44919001187714,0,476.53891763143446,-25.089727619557323
54400,535,479.40819460989206,0,477.0960328751363,2.3121617347557617
54500,536,514.3699335658207,0,486.35743673504095,28.012496830779753
54600,537,468.97933173580236,0,490.19308209803694,-21.213750362234578
54700,538,492.7722227885087,0,488.029879643581,4.742343144927702
54800,539,562.314640460722,0,491.76273118104575,70.55190927967624
54900,540,483.15540652384254,0,493.39985495895206,-10.244448435109518
55000,541,553.7846056032571,0,494.3853532253908,59.399252377866276
55100,542,455.5146572671191,0,497.0444192634476,-41.52976199632849
55200,543,538.4902088957641,0,500.0238391462606,38.466369749503485
55300,544,584.078431032895,0,513.2867632483624,70.79166778453259
55400,545,388.41777499363553,0,504.18772128673675,-115.76994629310121
55500,546,472.1552372264762,0,499.96625165280227,-27.811014426326096
55600,547,540.853606359027,0,507.15367911512476,33.699927243902266
55700,548,501.84773069785035,0,508.0612299060589,-6.213499208208532
55800,549,530.5572936685654,0,504.88549522684315,25.671798441722274
55900,550,481.80074066420894,0,504.7500286408798,-22.94928797667086
56000,551,516.329489373645,0,501.0045170179186,15.324972355726345
56100,552,504.21613823039604,0,505.87466511424634,-1.6585268838502998
56200,553,570.3891030829903,0,509.06455453296894,61.324548550021404
56300,554,524.7210421650607,0,503.12881564618556,21.592226518875123
56400,555,528.8801331037602,0,517.1750514571979,11.705081646562235
56500,556,491.4061516938766,0,519.100142903938,-27.693991210061427
56600,557,487.6196887963753,0,513.7767511476729,-26.15706235129761
56700,558,490.372090609019,0,512.6291871387897,-22.257096529770706
56800,559,531.7226071189149,0,512.7457184838247,18.976888635090177
56900,560,490.95077595898687,0,513.6607220133026,-22.709946054315708
57000,561,526.4887428448206,0,514.67664736042,11.81209548440063
57100,562,615.770039932272,0,525.8320375306076,89.93800240166433
57200,563,555.5562351715846,0,524.348750739467,31.207484432117553
57300,564,495.69882339160796,0,521.4465288621218,-25.747705470513836
57400,565,572.0606961081972,0,525.7645851625655,46.29611094563177
57500,566,491.5962313489224,0,525.78359312807,-34.187361779147636
57600,567,410.09377324110733,0,518.0310015725432,-107.9372283314359
57700,568,461.5956844541298,0,515.1533609570544,-53.55767650292455
57800,569,418.4604039487072,0,503.8271406400336,-85.36673669132637
57900,570,494.42432579793456,0,504.1744956239283,-9.750169825993737
58000,571,512.9209189594776,0,502.8177132353941,10.103205724083523
58100,572,595.8218656137641,0,500.82289580354325,94.99896981022084
58200,573,528.3463686882081,0,498.1019091552056,30.244459533002555
58300,574,501.0449735595568,0,498.6365241720006,2.4084493875562316
58400,575,553.4702790591745,0,496.77748246709814,56.69279659207632
58500,576,401.44323454960573,0,487.7621827871666,-86.31894823756085
58600,577,523.7807279054283,0,499.1308782535987,24.649849651829584
58700,578,550.5432596943483,0,508.02563577762055,42.51762391672776
58800,579,438.0706877110079,0,509.9866641538506,-71.91597644284269
58900,580,569.1877021603465,0,517.4630017900918,51.72470037025471
59000,581,528.9248203747208,0,519.0633919316161,9.861428443104614
59100,582,491.2356043049599,0,508.6047658007357,-17.369161495775813
59200,583,543.6390933053142,0,510.1340382624463,33.505055042867866
59300,584,625.5346428902199,0,522.5830051955126,102.9516376947073
59400,585,521.0933127529247,0,519.3453085648877,1.7480041880370436
59500,586,524.4110293150168,0,531.6420880414287,-7.231058726411902
59600,587,489.0319550229878,0,528.1672107531847,-39.13525573019689
59700,588,469.5077815267604,0,520.0636629364259,-50.55588140966546
59800,589,553.5167908272123,0,531.6082732480463,21.90851757916596
59900,590,469.1958087045566,0,521.6090839024673,-52.41327519791071
60000,591,515.5783118609696,0,520.2744330510923,-4.696121190122653
60100,592,488.1171276617442,0,519.9625853867706,-31.845457725026392
60200,593,535.9489912873196,0,519.1935751849712,16.755416102348363
60300,594,528.6831052643474,0,509.508421422384,19.17468384196343
60400,595,563.8769972128949,0,513.786789868381,50.09020734451394
60500,596,486.49918005726266,0,509.9956049426056,-23.496424885342947
60600,597,498.5062532353314,0,510.94303476383993,-12.436781528508504
60700,598,463.0618142108846,0,510.2984380322523,-47.23662382136769
60800,599,489.7853369961944,0,503.92529264915055,-14.139955652956132
60900,600,530.8650246522426,0,510.0922142439191,20.772810408323494
61000,601,549.8494308322676,0,513.519326141049,36.330104691218594
61100,602,465.8917337911187,0,511.29678675398645,-45.40505296286773
61200,603,555.480296005283,0,513.2499172257828,42.23037877950014
61300,604,579.7818929402475,0,518.3597959933728,61.42209694687472
61400,605,532.6717451611851,0,515.2392707882017,17.432474372983393
61500,606,605.8397906279033,0,527.1733318452658,78.6664587826375
61600,607,473.3105400448213,0,524.6537605262149,-51.34322048139359
61700,608,449.76726483442917,0,523.3243055885694,-73.55704075414019
61800,609,423.0639875547861,0,516.6521706444285,-93.58818308964237
61900,610,586.8022155744592,0,522.24588973665,64.55632583780914
62000,611,544.7182828177029,0,521.7327749351937,22.985507882509182
62100,612,509.22076645447726,0,526.0656782015295,-16.844911747052265
62200,613,525.9984313159911,0,523.1174917326003,2.8809395833907274
62300,614,455.72554763508117,0,510.7118572020837,-54.986309567002536
62400,615,634.2875989808413,0,520.8734425840493,113.41415639679201
62500,616,518.4610590987613,0,512.1355694311351,6.325489667626243
62600,617,517.4697397302447,0,516.5514893996774,0.9182503305672753
62700,618,548.2883311949346,0,526.403596035728,21.88473515920657
62800,619,536.0504615868357,0,537.702243438933,-1.651781852097315
62900,620,523.1942012139566,0,531.3414420028827,-8.14724078892607
63000,621,472.4762772277344,0,524.1172414438859,-51.640964216151474
63100,622,535.5734178567998,0,526.752506584118,8.82091127268177
63200,623,606.1012248237516,0,534.762785934894,71.33843888885758
63300,624,579.2710023077489,0,547.1173314021609,32.153670905588
63400,625,591.6593313319698,0,542.8545046372737,48.80482669469609
63500,626,486.43921617844074,0,539.6523203452417,-53.213104166800974
63600,627,462.519758987071,0,534.1573222709243,-71.6375632838533
63700,628,505.7106539950176,0,529.8995545509326,-24.18890055591504
63800,629,514.7862456144347,0,527.7731329536925,-12.986887339257805
63900,630,566.7095759235474,0,532.1246704246516,34.58490549889575
64000,631,427.376768514259,0,527.6147195533041,-100.23795103904507
64100,632,588.4775159730307,0,532.9051293649271,55.57238660810356
64200,633,504.0996050710505,0,522.704967389657,-18.605362318606467
64300,634,490.655946502629,0,513.8434618091451,-23.187515306516104
64400,635,461.3947812369916,0,500.81700679964723,-39.422225562655626
64500,636,429.2571664067115,0,495.09880182247434,-65.84163541576282
64600,637,553.1585291980957,0,504.16267884357677,48.99585035451895
64700,638,515.6658983594202,0,505.158203280017,10.50769507940322
64800,639,447.5019550129473,0,498.42977421986825,-50.92781920692096
64900,640,447.2460613968192,0,486.4834227671955,-39.237361370376334
65000,641,495.2107650354936,0,493.26682241931894,1.9439426161746383
65100,642,595.4510762644696,0,493.9641784484628,101.48689781600683
65200,643,499.02043243181976,0,493.45626118453976,5.564171247280001
65300,644,436.8428523440947,0,488.07495176868633,-51.23209942459164
65400,645,499.7128467957028,0,491.9067583245575,7.806088471145301
65500,646,498.3638215126165,0,498.8174238351479,-0.45360232253142385
65600,647,377.1556678529214,0,481.21713770063053,-104.06146984770913
65700,648,509.2852566741094,0,480.57907353209947,28.706183142009934
65800,649,500.45327348956613,0,485.8742053797613,14.579068109804837
65900,650,546.8103182406709,0,495.8306310641465,50.97968717652441
66000,651,604.4478047472672,0,506.7543350353238,97.69346971194346
66100,652,568.3282514773879,0,504.04205255661566,64.28619892077222
66200,653,498.5555654722585,0,503.99556586065955,-5.440000388401074
66300,654,456.6737045629165,0,505.9786510825417,-49.30494651962522
66400,655,640.667990162493,0,520.0741654192207,120.59382474327231
66500,656,514.9609217007244,0,521.7338754380314,-6.772953737307034
66600,657,512.6964645956473,0,535.2879551123041,-22.59149051665679
66700,658,510.79374564449984,0,535.4388040093431,-24.645058364843294
66800,659,521.9042380383928,0,537.5839004642258,-15.679662425833044
66900,660,504.7819794038029,0,533.381066580539,-28.599087176736134
67000,661,483.3168996559882,0,521.2679760714111,-37.951076415422904
67100,662,484.6570529379804,0,512.9008562174704,-28.24380327949001
67200,663,510.36233648920006,0,514.0815333191646,-3.719196829964517
67300,664,484.82876144331175,0,516.8970390072042,-32.06827756389242
67400,665,476.35771086614176,0,500.46601107756885,-24.108300211427093
67500,666,517.3215113845948,0,500.70207004595596,16.619441338638865
67600,667,499.2511391289572,0,499.357537499287,-0.10639837032977084
67700,668,587.1996494291344,0,506.99812787775045,80.20152155138396
67800,669,379.4515095803494,0,492.75285503194607,-113.30134545159666
67900,670,566.575342596123,0,498.93219135117806,67.64315124494499
68000,671,574.3042596248814,0,508.0309273480674,66.27333227681402
68100,672,408.3304883795925,0,500.39827089222865,-92.06778251263614
68200,673,494.8656202959826,0,498.8485992729069,-3.9829789769243007
68300,674,493.4279567002104,0,499.70851879859674,-6.280562098386326
68400,675,441.62441526410896,0,496.23518923839345,-54.610773974284484
68500,676,473.1091656204562,0,491.81395466197966,-18.70478904152344
68600,677,456.47120772670854,0,487.5359615217547,-31.06475379504616
68700,678,599.6135221711811,0,488.77734879595937,110.83617337522173
68800,679,558.7839196573731,0,506.7105898036618,52.0733298537113
68900,680,575.577754749708,0,507.61083101902034,67.96692373068765
69000,681,548.0836032021617,0,504.98876537674835,43.09483782541338
69100,682,455.54741143913856,0,509.7104576827029,-54.16304624356434
69200,683,485.7739866860113,0,508.80129432170577,-23.027307635694456
69300,684,536.468728061396,0,513.1053714578244,23.36335660357156
69400,685,450.89360955540275,0,514.0322908869538,-63.13868133155103
69500,686,547.6499215086194,0,521.4863664757701,26.16355503284933
69600,687,499.98373009209325,0,525.8376187123085,-25.853888620215287
69700,688,493.25895962252014,0,515.2021624574425,-21.943202834922317
69800,689,547.5479984101746,0,514.0785703327226,33.469428077451994
69900,690,534.213165574302,0,509.942111415182,24.271054159120013
70000,691,493.95169170904603,0,504.5289202658704,-10.577228556824366
70100,692,569.9664901682124,0,515.9708281387778,53.995662029434584
70200,693,457.9468336200051,0,513.1881128321771,-55.241279212172
70300,694,542.7967803472131,0,513.8209180607589,28.97586228645423
70400,695,541.6550628984191,0,522.8970633950605,18.757999503358633
70500,696,496.5226780343005,0,517.7843390476287,-21.261661013328194
70600,697,528.3066511121059,0,520.6166311496299,7.690019962475958
70700,698,449.44432118073485,0,516.2351673054515,-66.79084612471661
70800,699,558.201350960345,0,517.3005025604684,40.90084839987662
70900,700,502.75489317785053,0,514.1546753208232,-11.399782142972697
71000,701,485.86384897404804,0,513.3458910473234,-27.48204207327541
71100,702,564.4504612918445,0,512.7942881596867,51.65617313215773
71200,703,476.782815472862,0,514.6778863449724,-37.89507087211041
71300,704,441.576935181822,0,504.55590182843326,-62.97896664661124
71400,705,434.1685413238048,0,493.8072496709718,-59.63870834716704
71500,706,542.300497567282,0,498.38503162426997,43.915465943012066
71600,707,447.97853237518586,0,490.35221975057794,-42.37368737539208
71700,708,599.7397090992182,0,505.38175854242627,94.35795055679193
71800,709,407.9035296058139,0,490.35197640697317,-82.44844680115926
71900,710,596.8228184145019,0,499.7587689306383,97.06404948386353
72000,711,522.5508733601309,0,503.42747136924663,19.123401990884304
72100,712,507.1643444064804,0,497.6988596807102,9.465484725770182
72200,713,484.7540456595525,0,498.4959826993792,-13.741937039826723
72300,714,531.9568057176035,0,507.5339697529574,24.42283596464614
72400,715,510.1182648787576,0,515.1289421084526,-5.010677229695034
72500,716,567.1650941008261,0,517.6154017618071,49.549692339018975
72600,717,517.711382433102,0,524.5886867675987,-6.877304334496671
72700,718,519.5150880730939,0,516.5662246649863,2.948863408107627
72800,719,493.8193893893072,0,525.1578106433356,-31.338421254028333
72900,720,509.15271881394665,0,516.3908006832801,-7.238081869333428
73000,721,527.390088444603,0,516.8747221917273,10.515366252875651
73100,722,426.4915803671687,0,508.80744578779615,-82.31586542062746
73200,723,444.59072889471435,0,504.79111411131237,-60.20038521659802
73300,724,549.1632047011358,0,506.5117540096655,42.6514506914703
73400,725,520.5432719063971,0,507.55425471242944,12.98901719396764
73500,726,502.80083318236603,0,501.11782862058345,1.6830045617825817
73600,727,512.9216966532697,0,500.6388600426002,12.282836610669506
73700,728,529.3790852680836,0,501.6252597620992,27.753825505984423
73800,729,485.0120159845319,0,500.7445224216217,-15.732506437089796
73900,730,473.08476372988434,0,497.1377269132154,-24.05296318333103
74000,731,521.7922627548841,0,496.5779443442435,25.214318410640544
74100,732,463.0813611192484,0,500.23692241945156,-37.155561300203146
74200,733,532.4126377857236,0,509.01911330855245,23.393524477171184
74300,734,426.87081978810795,0,496.7898748172497,-69.91905502914176
74400,735,563.4577818662822,0,501.08132581323815,62.37645605304402
74500,736,535.6298741206522,0,504.3642299070668,31.265644213585404
74600,737,524.8014867156937,0,505.5522089133092,19.24927780238454
74700,738,561.1345491972756,0,508.7277553062284,52.40679389104724
74800,739,595.2737222231289,0,519.7539259300881,75.51979629304071
74900,740,562.7185032509066,0,528.7172998821904,34.00120336871612
75000,741,419.95628843341774,0,518.5337024500437,-98.577414016626
75100,742,448.02115166321494,0,517.0276815044404,-69.00652984122542
75200,743,480.75907111521605,0,511.86232483738956,-31.10325372217352
75300,744,513.3045525105417,0,520.5056981096329,-7.201145599091205
75400,745,537.8829510234561,0,517.9482150253504,19.934735998105793
75500,746,475.71280934232675,0,511.95650854751784,-36.24369920519109
75600,747,521.338338223854,0,511.61019369833383,9.728144525520122
75700,748,474.23085338233386,0,502.91982411683966,-28.6889707345058
75800,749,481.4241098504026,0,491.534862879567,-10.110753029164414
75900,750,441.6669451575889,0,479.4297070702352,-37.76276191264634
76000,751,889.348538542175,1,526.3689320811111,362.9796064610639
76100,752,939.5193220027733,1,575.5187491150668,364.0005728877064
76200,753,913.517180168197,1,618.7945600203649,294.7226201478321
76300,754,954.9552715319335,1,662.9596319225041,291.9956396094294
76400,755,464.53005555840286,0,655.6243423759987,-191.09428681759584
76500,756,643.6191032418695,0,672.414971765953,-28.795868524083517
76600,757,536.6658950440444,0,673.947727447972,-137.28183240392764
76700,758,521.2418061847437,0,678.6488227282131,-157.40701654346935
76800,759,469.0821109909393,0,677.4146228422667,-208.33251185132735
76900,760,547.0154939704496,0,687.9494777235528,-140.93398375310323
77000,761,483.21810868811133,0,647.3364347381464,-164.11832605003508
77100,762,518.1004907322681,0,605.1945516110959,-87.0940608788278
77200,763,640.0042269134398,0,577.8432562856203,62.16097062781944
77300,764,507.1970050137675,0,533.0674296338036,-25.87042462003609
77400,765,569.4636663142838,0,543.5607907093917,25.902875604892188
77500,766,476.84117874370565,0,526.8829982595754,-50.04181951586975
77600,767,510.2505754751519,0,524.2414663026861,-13.990890827534258
77700,768,600.5400317817755,0,532.1712888623892,68.36874291938625
77800,769,480.65164711061163,0,533.3282424743566,-52.67659536374492
77900,770,602.6224278998465,0,538.8889358672961,63.733492032550316
78000,771,547.3875967727738,0,545.3058846757624,2.0817120970114047
78100,772,483.8766612052866,0,541.8835017230642,-58.00684051777762
78200,773,543.620386952776,0,532.2451177269979,11.375269225778084
78300,774,560.6277224813365,0,537.5881894737547,23.03953300758178
78400,775,543.0904981108598,0,534.9508726534125,8.139625457447323
78500,776,433.48876400547715,0,530.6156311795895,-97.12686717411236
78600,777,475.64314120875656,0,527.15488775295,-51.51174654419344
78700,778,499.62406822242474,0,517.063291397015,-17.43922317459021
78800,779,508.2783285449977,0,519.8259595404535,-11.54763099545579
78900,780,543.0336048775339,0,513.8670772382222,29.166527639311653
79000,781,520.8850500466627,0,511.21682256561115,9.668227481051588
79100,782,445.2327820644949,0,507.352434651532,-62.11965258703708
79200,783,531.0098925502982,0,506.09138521128415,24.91850733901407
79300,784,542.5292872641911,0,504.28154168956974,38.247745574621376
79400,785,539.989522396552,0,503.9714441181389,36.01807827841316
79500,786,566.039036277731,0,517.2264713453643,48.81256493236674
79600,787,553.6961077274452,0,525.0317679972331,28.664339730212077
79700,788,534.9590039614218,0,528.565261571133,6.393742390288821
79800,789,508.4917144270677,0,528.5866001593399,-20.094885732272246
79900,790,428.9519533242004,0,517.1784350040065,-88.22648167980606
80000,791,533.4809109566293,0,518.4380210950033,15.042889861626008
80100,792,522.3843843581556,0,526.1531813243693,-3.7687969662136993
80200,793,525.5789418597686,0,525.6100862553163,-0.031144395547698878
80300,794,448.16257120898456,0,516.1734146497956,-68.01084344081107
80400,795,457.94717297958687,0,507.9691797080991,-50.022006728512224
80500,796,564.6576426666452,0,507.83104034699056,56.826602319654626
80600,797,510.02224230716723,0,503.46365380496275,6.558588502204486
80700,798,546.0750348686312,0,504.57525689568354,41.49977797294764
80800,799,513.4159188065231,0,505.06767733362915,8.34824147289396
80900,800,513.4878069747873,0,513.5212626986879,-0.0334557239006017
81000,801,558.9141902987999,0,516.0645906329049,42.84959966589497
81100,802,486.1977635891313,0,512.4459285560025,-26.24816496687123
81200,803,516.8060388470492,0,511.56863825473056,5.237400592318636
81300,804,488.8862355647479,0,515.6410046903069,-26.754769125558994
81400,805,490.2751886283842,0,518.8738062551867,-28.598617626802422
81500,806,496.541393826568,0,512.0621813711789,-15.520787544610869
81600,807,523.1066885816856,0,513.3706259986308,9.736062583054832
81700,808,488.06256891682614,0,507.56937940345034,-19.506810486624204
81800,809,574.787806278676,0,513.7065681506656,61.081238128010455
81900,810,467.2696348890248,0,509.08475094208933,-41.815116053064514
82000,811,502.65641779193203,0,503.4589736914025,-0.8025558994704625
82100,812,490.01344708629125,0,503.8405420411185,-13.82709495482726
82200,813,584.3488942176866,0,510.5948275781822,73.7540666395044
82300,814,521.8277388255788,0,513.8889779042654,7.93876092131336
82400,815,563.5922269734317,0,521.2206817387702,42.37154523466154
82500,816,437.7219813481514,0,515.3387404909284,-77.61675914277703
82600,817,525.352513293463,0,515.5633229621062,9.789190331356735
82700,818,556.4815397811718,0,522.4052200485407,34.07631973263108
82800,819,516.1141994637712,0,516.5378593670503,-0.4236599032790309
82900,820,565.2740187532676,0,526.3382977534745,38.935720999793034
83000,821,486.13557749498136,0,524.6862137237795,-38.55063622879811
83100,822,582.467372009279,0,533.9316062160782,48.53576579320077
83200,823,626.9449061809626,0,538.1912074124059,88.75369876855666
83300,824,493.85807197801705,0,535.3942407276497,-41.53616874963268
83400,825,489.7248739299614,0,528.0075054233026,-38.28263149334123
83500,826,584.6692238558851,0,542.702229674076,41.96699418180913
83600,827,590.9786072865356,0,549.2648390733832,41.713768213152434
83700,828,485.8569986423366,0,542.2023849594997,-56.345386317163104
83800,829,490.99065914520713,0,539.6900309276433,-48.699371782436174
83900,830,497.9107695569746,0,532.953706008014,-35.042936451039395
84000,831,444.77747444828617,0,528.8178957033444,-84.04042125505828
84100,832,466.0674026757901,0,517.1778987699956,-51.11049609420553
84200,833,461.7929616623966,0,500.662704318139,-38.869742655742414
84300,834,473.61012174479356,0,498.63790929481667,-25.027787550023106
84400,835,510.2657556306609,0,500.69199746488664,9.57375816577428
84500,836,523.710736626826,0,494.5961487419807,29.11458788484532
84600,837,589.5250246407038,0,494.45079047739756,95.07423416330624
84700,838,462.08229796306046,0,492.07332040946994,-29.991022446409488
84800,839,561.2161199238292,0,499.0958664873321,62.12025343649708
84900,840,501.3005577887246,0,499.43484531050717,1.8657124782174037
85000,841,509.52681451737834,0,505.90977931741634,3.617035199962004
85100,842,545.7409746083301,0,513.8771365106703,31.863838097659823
85200,843,455.86389892188504,0,513.2842302366192,-57.4203313147342
85300,844,531.1204873092025,0,519.0352667930601,12.085220516142385
85400,845,520.3226104106528,0,520.0409522710593,0.28165813959356
85500,846,536.6225632004075,0,521.3321349284174,15.290428271990095
85600,847,526.4584321953909,0,515.0254756838862,11.432956511504699
85700,848,634.7650069955447,0,532.2937465871346,102.4712604084101
85800,849,480.1130007874342,0,524.1834346734952,-44.07043388606098
85900,850,485.45015224990914,0,522.5983941196134,-37.14824186970429
86000,851,480.8429736787618,0,519.7300100357519,-38.88703635699011
86100,852,484.22614404198725,0,513.5785269791176,-29.3523829371303
86200,853,480.13064363467413,0,516.0052014503965,-35.87455781572237
86300,854,571.4508265553776,0,520.038235375014,51.41259118036362
86400,855,583.0252123994927,0,526.308495573898,56.716716825594744
86500,856,483.46268531252616,0,520.9925077851099,-37.5298224725837
86600,857,470.38222134478855,0,515.3848867000497,-45.00266535526117
86700,858,535.5707778193203,0,505.4654637824272,30.10531403689305
86800,859,484.38884778595144,0,505.89304848227886,-21.504200696327416
86900,860,543.6465908877756,0,511.7126923460655,31.93389854171005
87000,861,522.146151042565,0,515.8430100824459,6.303140960119094
87100,862,436.2127942501384,0,511.04167510326096,-74.82888085312254
87200,863,589.3752600665031,0,521.9661367464439,67.40912332005917
87300,864,601.7938836547761,0,525.0004424563838,76.79344119839232
87400,865,481.3605654757807,0,514.8339777640125,-33.47341228823183
87500,866,492.6149220032008,0,515.74920143308,-23.1342794298792
87600,867,526.2932695362452,0,521.3403062522257,4.9529632840195745
87700,868,528.7228394993513,0,520.6555124202288,8.067327079122492
87800,869,544.9272136336415,0,526.7093490049978,18.217864628643724
87900,870,612.5102269383175,0,533.5957126100519,78.91451432826557
88000,871,503.1526386252975,0,531.6963613683253,-28.54372274302773
88100,872,472.0851377730773,0,535.2835957206191,-63.19845794754184
88200,873,443.03403859927363,0,520.6494735738962,-77.61543497462259
88300,874,475.45349800290404,0,508.01543500870895,-32.56193700580491
88400,875,510.34365135631015,0,510.91374359676183,-0.5700922404516859
88500,876,601.7278931758893,0,521.8250407140307,79.90285246185863
88600,877,486.1194350481914,0,517.8076572652254,-31.688222217034024
88700,878,523.189397581945,0,517.2543130734847,5.93508450846025
88800,879,511.1788551963624,0,513.8794772297567,-2.7006220333943247
88900,880,571.4196636724042,0,509.7704209031655,61.649242769238754
89000,881,638.3466212936811,0,523.2898191700039,115.05680212367724
89100,882,485.45656135398394,0,524.6269615280946,-39.17040017411068
89200,883,487.5280278740889,0,529.076360455576,-41.54833258148716
89300,884,564.2080438534535,0,537.951815040631,26.256228812822542
89400,885,546.0945744813156,0,541.5269073531315,4.567667128184098
89500,886,604.3353662868017,0,541.7876546642228,62.547711622578845
89600,887,541.1964092662982,0,547.2953520860334,-6.098942819735157
89700,888,494.035395460647,0,544.3799518739036,-50.344556413256555
89800,889,541.5327415346154,0,547.415340507729,-5.882598973113545
89900,890,567.4351790291454,0,547.0168920434031,20.41828698574227
90000,891,553.0241090598682,0,538.4846408200218,14.539468239846428
90100,892,537.3637015553649,0,543.6753548401599,-6.311653284795057
90200,893,565.3337344794577,0,551.4559255006968,13.877808978760868
90300,894,570.4647795222836,0,552.0815990675798,18.383180454703847
90400,895,581.1079495518763,0,555.5829365746358,25.52501297724052
90500,896,544.4354943794822,0,549.5929493839038,-5.157455004421649
90600,897,503.6440959841573,0,545.8377180556898,-42.19362207153256
90700,898,519.3356843216661,0,548.3677469417918,-29.032062620125657
90800,899,572.3254483254178,0,551.447017620872,20.87843070454585
90900,900,471.1532164506382,0,541.8188213630212,-70.66560491238306
91000,901,530.433665443645,0,539.559777001399,-9.126111557753916
91100,902,492.33305938363196,0,535.0567127842256,-42.72365340059366
91200,903,513.4372411467409,0,529.867063450954,-16.429822304213076
91300,904,575.9225931303649,0,530.412844811762,45.509748318602874
91400,905,521.5549534009951,0,524.457545196674,-2.902591795678859
91500,906,514.3218274078074,0,521.4461784995065,-7.1243510916990545
91600,907,444.0071929510041,0,515.4824881961911,-71.475295245187
91700,908,549.3126783013611,0,518.4801875941606,30.832490707200463
91800,909,544.2742090570538,0,515.6750636673243,28.59914538972953
91900,910,620.162736165273,0,530.5760156387878,89.58672052648524
92000,911,496.61108825235,0,527.1937579196582,-30.58266966730821
92100,912,522.957516383197,0,530.2562036196148,-7.298687236417777
92200,913,524.4691841855378,0,531.3593979234944,-6.890213737956628
92300,914,590.8726639881737,0,532.8544050092753,58.018258978898416
92400,915,507.23522338065237,0,531.422432007241,-24.187208626588642
92500,916,525.951076288517,0,532.585356895312,-6.63428060679496
92600,917,542.3948254858269,0,542.4241201487943,-0.029294662967345175
92700,918,521.3304561578179,0,539.62589793444,-18.295441776622056
92800,919,489.6783192724736,0,534.1663089559819,-44.48798968350832
92900,920,521.7044996449154,0,524.3204853039462,-2.615985659030798
93000,921,565.6815874929886,0,531.2275352280101,34.454052264978486
93100,922,460.674235029447,0,524.999207092635,-64.32497206318794
93200,923,518.6484837073438,0,524.4171370448156,-5.7686533374718465
93300,924,476.99395925304134,0,513.0292665713024,-36.03530731826106
93400,925,571.7523314462421,0,519.4809773778613,52.27135406838079
93500,926,435.8406547608113,0,510.4699352250908,-74.62928046427953
93600,927,484.0539076364206,0,504.63584344015015,-20.58193580372955
93700,928,530.860593753226,0,505.58885719969095,25.27173655353505
93800,929,590.276201461717,0,515.6486454186153,74.62755604310178
93900,930,508.7124869463506,0,514.3494441487588,-5.636957202408212
94000,931,484.24002366534006,0,506.20528776599394,-21.965264100653883
94100,932,606.0578534720295,0,520.7436496102522,85.31420386177729
94200,933,439.5993049791878,0,512.8387317374367,-73.23942675824884
94300,934,402.0597021689959,0,505.34530602903203,-103.28560386003613
94400,935,534.0007225026666,0,501.5701451346745,32.4305773679921
94500,936,486.89728878236946,0,506.6758085368303,-19.77851975446083
94600,937,460.93835914346437,0,504.3642536875347,-43.42589454407033
94700,938,547.4178223649676,0,506.01997654870894,41.397845816258666
94800,939,524.19003568856,0,499.41135997139315,24.778675717166834
94900,940,483.7960684631636,0,496.9197181230746,-13.123649659910996
95000,941,447.9847800664553,0,493.294193763186,-45.3094136967307
95100,942,555.6228664140073,0,488.2506950573837,67.37217135662354
95200,943,544.510058897933,0,498.7417704492583,45.76828844867475
95300,944,507.04120681103086,0,509.2399209134618,-2.1987141024309267
95400,945,604.3318498023833,0,516.2730336434336,88.05881615894975
95500,946,458.49576168369236,0,513.4328809335658,-54.93711924987343
95600,947,435.72374145376307,0,510.91141916459566,-75.18767771083259
95700,948,477.4045965059378,0,503.91009657869273,-26.505500072754955
95800,949,509.72069918222513,0,502.4631629280592,7.257536254165927
95900,950,524.1669724661346,0,506.5002533283562,17.66671913777833
96000,951,499.9381971071835,0,511.6955950324291,-11.757397925245584
96100,952,529.6027698257149,0,509.09358537359986,20.509184452114994
96200,953,449.4230287904778,0,499.5848823628544,-50.16185357237657
96300,954,584.188230203663,0,507.2995847021176,76.8886455015454
96400,955,507.89244108037155,0,497.65564382991636,10.236797250455197
96500,956,567.8647915794064,0,508.5925468194878,59.272244759918635
96600,957,529.1362673188852,0,517.933799406,11.20246791288514
96700,958,534.8376609576892,0,523.6771058511752,11.160555106514039
96800,959,540.4883640116102,0,526.7538723341137,13.734491677496521
96900,960,534.3854280008658,0,527.7757178875868,6.609710113278993
97000,961,544.1361379933772,0,532.1955119762061,11.940626017171098
97100,962,578.4576265066215,0,537.0809976442968,41.376628862324765
97200,963,521.8260584850735,0,544.3213006137563,-22.495242128682776
97300,964,547.4501878794256,0,540.6474963813326,6.8026914980929405
97400,965,507.51321528563864,0,540.6095738018594,-33.09635851622073
97500,966,584.0058607724736,0,542.223680721166,41.78218005130759
97600,967,478.1803848970365,0,537.1280924789812,-58.94770758194471
97700,968,602.0470216455408,0,543.8490285477662,58.19799309777454
97800,969,509.99210246778284,0,540.7994023933836,-30.807299925600773
97900,970,440.4612448940976,0,531.4069840827067,-90.94573918860908
98000,971,518.4052207455395,0,528.833892357923,-10.428671612383482
98100,972,477.94741712625597,0,518.7828714198865,-40.83545429363056
98200,973,554.0321774494362,0,522.0034833163228,32.02869413311339
98300,974,479.36880103488045,0,515.1953446318682,-35.82654359698779
98400,975,489.69082833926103,0,513.4131059372305,-23.72227759796948
98500,976,417.52296345272345,0,496.76481620525544,-79.241852752532
98600,977,489.38468403754615,0,497.88524611930643,-8.500562081760279
98700,978,390.8060336685522,0,476.7611473216076,-85.95511365305543
98800,979,432.80485882571384,0,469.0424229574006,-36.23756413168678
98900,980,550.0207328072149,0,479.99837174871243,70.0223610585025
99000,981,551.2900079325416,0,483.2868504674126,68.003157465129
99100,982,533.2728780892483,0,488.8193965637118,44.45348152553646
99200,983,463.6511928435393,0,479.78129810312214,-16.13010525958282
99300,984,509.614432192901,0,482.8058612189242,26.808570973976828
99400,985,511.8198730454716,0,485.0187656895452,26.801107355926376
99500,986,454.0817655403729,0,488.67464589831013,-34.59288035793725
99600,987,587.1699150883576,0,498.4531690033913,88.7167460849663
99700,988,555.8681145287836,0,514.9593770894145,40.90873743936913
99800,989,500.9517913085168,0,521.7740703376948,-20.822279029177935
99900,990,513.3442919497265,0,518.106426251946,-4.762134302219465
100000,991,522.4191403973776,0,515.2193394984295,7.199800898948183
100100,992,409.9132565787855,0,502.88337734738326,-92.97012076859778
100200,993,499.64113087397016,0,506.4823711504263,-6.841240276456119
100300,994,477.90078760011005,0,503.3110066911472,-25.410219091037163
100400,995,461.91899950525425,0,498.3209193371255,-36.401919831871226
100500,996,497.9449853557023,0,502.7072413186585,-4.762255962956203
100600,997,601.8843263424761,0,504.17868244407026,97.70564389840587
100700,998,544.0421430633505,0,502.996085297527,41.04605776582355
100800,999,483.4410505108602,0,501.2450112177613,-17.803960706901137
100900,1000,540.629139067808,0,503.9734959295694,36.65564313823853
